post_id,post_title,original_poster,post
1,walking is hard, utsav, i find it very difficult to walk long distances and i am unable to afford a car or a bike and my location does not support for any vehicle i usually travel four to five kilometers but doing this daily is very hard
2,feeling overwhelmed, sneha, i have too many responsibilities at work and at home and it is overwhelming to manage everything i often feel stressed and anxious about my deadlines
3,loneliness issues, rahul, i moved to a new city for work and do not have friends here i feel very lonely and miss my family and old friends and it is hard to meet new people
4,financial struggles, amrita, my job does not pay enough to cover my basic expenses and i am constantly worried about bills and rent it feels like i am never going to get ahead financially
5,relationship problems, kabir, my partner and i are having constant arguments and it feels like we are drifting apart we need to find a way to communicate better and reconnect
6,career uncertainty, priyanka, i am not sure if i am on the right career path and i feel stuck in my current job i want to explore new opportunities but do not know where to start
7,health issues, samir, i have been experiencing frequent headaches and fatigue and i do not have health insurance to see a doctor it is concerning and affects my daily life
8,time management, fatima, i struggle to manage my time effectively and often feel like there are not enough hours in the day to complete my tasks i need to find a better routine
9,study difficulties, ankit, i am having trouble understanding my course material and it is affecting my grades i am worried that i will not pass my exams if things do not improve
10,technology dependence, nisha, i find myself relying too much on my phone and social media and it distracts me from real life i want to reduce my screen time but it is difficult
11,environmental concerns, rishi, i am worried about climate change and its impact on our planet i feel like there is so much more that needs to be done to protect the environment
12,social anxiety, rhea, i struggle with social situations and often feel anxious when meeting new people it prevents me from enjoying social gatherings and making new friends
13,loss of motivation, arjun, i have lost interest in activities that i used to enjoy and it makes me feel sad and unproductive i want to find ways to regain my motivation
14,public speaking fear, neha, i am terrified of speaking in front of groups and it hinders my professional growth i want to improve my public speaking skills but feel too nervous
15,family conflict, mohit, there are constant disagreements between my family members and it creates a tense atmosphere at home i want to find a way to resolve these conflicts peacefully
16,transportation issues, priya, public transport in my area is unreliable and it makes commuting difficult i often arrive late to work due to delays and it is frustrating
17,stress from studies, vikas, my academic workload is becoming too heavy and it is causing me stress i need to find a better balance between studying and relaxing
18,body image concerns, anjali, i struggle with my body image and it affects my self-esteem i want to feel more confident in my appearance but find it hard to accept myself
19,job insecurity, sahil, my company is going through layoffs and it creates a sense of uncertainty about my future employment i am constantly worried about losing my job
20,healthier lifestyle, karishma, i want to adopt a healthier lifestyle but find it difficult to maintain a balanced diet and regular exercise i need support and motivation
21,learning difficulties, simran, i have trouble with certain subjects at school and it makes learning challenging i want to improve my understanding and keep up with my classmates
22,emotional eating, dhruv, i tend to eat when i am feeling stressed or emotional and it leads to unhealthy habits i want to break this cycle but find it hard to control my cravings
23,relationship with parents, ritu, my relationship with my parents is strained and we do not communicate effectively i want to improve our relationship but do not know how to start
24,feeling unappreciated, sonia, at work i feel unappreciated for my efforts and it demotivates me i want to feel valued and recognized for the hard work that i put in
25,adapting to change, deepak, i struggle with change and often feel anxious when faced with new situations i want to learn how to adapt better and feel more comfortable
26,not fitting in, shivani, i often feel like i do not fit in with my peers and it makes social interactions uncomfortable i wish to find my place and connect with others
27,too much screen time, abhishek, i spend too much time in front of screens and it affects my sleep and overall well-being i want to find a healthier balance
28,work-life balance, reema, balancing work and personal life is challenging and often leads to burnout i need to prioritize my mental health and find a better balance
29,community isolation, om, i live in a small community and feel isolated from the outside world i want to engage more with others but do not know how to start
30,career change, veer, i am considering a career change but fear the uncertainty that comes with it i need guidance and support to navigate this transition
31,identity crisis, zara, i am struggling with my identity and often feel lost about who i am and what i want in life it creates confusion and a lack of direction
32,dependency on others, simar, i have become overly dependent on others for emotional support and it worries me i want to build my own resilience and independence
33,avoiding confrontation, nikhil, i tend to avoid confrontation in my relationships and it leads to unresolved issues i want to learn how to communicate my feelings effectively
34,financial literacy, preeti, i lack knowledge about managing finances and it causes stress regarding budgeting and saving i want to educate myself and improve my financial situation
35,fear of failure, ashwini, i am afraid of failing in my endeavors and it prevents me from taking risks i want to overcome this fear and embrace new opportunities
36,relationship boundaries, parth, my friends often cross personal boundaries and it makes me uncomfortable i want to communicate my limits and foster healthier relationships
37,needing validation, nidhi, i constantly seek validation from others and it affects my self-esteem i want to learn to validate myself and be more self-assured
38,personal development, rahul, i want to focus on personal development but struggle to find the motivation to make changes i need guidance and a plan to follow
39,support for mental health, avni, i feel like there is a lack of support for mental health issues in my community and it makes seeking help difficult i want to find resources available
40,work pressure, shiv, the pressure to perform at work is overwhelming and it affects my mental health i need to learn how to manage stress and maintain my well-being
41,understanding emotions, meera, i have difficulty understanding and expressing my emotions and it complicates my relationships i want to work on emotional intelligence
42,finding purpose, tarun, i feel lost in life and struggle to find my purpose and direction it leads to feelings of emptiness and frustration
43,feeling burnt out, inaya, i am experiencing burnout from work and it affects my productivity and motivation i need strategies to cope with this feeling
44,overthinking problems, raj, i tend to overthink situations and it leads to unnecessary stress and anxiety i want to learn how to simplify my thought process
45,disconnect from nature, krishna, living in a city makes me feel disconnected from nature and it impacts my well-being i want to find ways to reconnect with the outdoors
46,public perception, mala, i worry too much about how others perceive me and it prevents me from being myself i want to build confidence and not let others' opinions affect me
47,developing hobbies, neelam, i want to develop new hobbies but struggle to find the time and energy to pursue them i need to prioritize my interests and passions
48,overcommitment, samaan, i often overcommit to activities and it leaves me feeling exhausted and overwhelmed i need to learn to say no and manage my commitments better
49,physical fitness, raghav, i want to improve my physical fitness but find it difficult to stay motivated and consistent with my workouts i need a solid plan to follow
50,feeling stuck, sonal, i feel stuck in my current situation and do not know how to make changes i want to explore options and find a path forward
51,procrastination issues, aanya, i struggle with procrastination and it affects my productivity i often leave tasks until the last minute and feel overwhelmed by deadlines
52,stress management, bhavesh, managing stress has become difficult for me and i often feel anxious i need techniques to help me cope better with stress
53,communication problems, kamal, i have trouble expressing my thoughts and feelings clearly and it leads to misunderstandings i want to improve my communication skills
54,learning a new language, anita, i want to learn a new language but find it challenging to stay motivated and consistent with my practice i need effective learning methods
55,imposter syndrome, snehal, i often feel like a fraud in my achievements and it prevents me from fully enjoying my successes i want to overcome this imposter syndrome
56,navigating adulthood, arman, transitioning into adulthood has been challenging for me and i feel unprepared for the responsibilities that come with it
57,overwhelmed by choices, varun, i feel overwhelmed by the many choices in life and struggle to make decisions it leads to anxiety and uncertainty
58,conflict resolution, kavita, i often avoid conflicts in my relationships and it causes tension i want to learn how to resolve conflicts constructively
59,life balance, neeraj, balancing personal life and career is difficult and often leaves me feeling drained i need strategies to find a better balance
60,adapting to a new job, deepa, starting a new job has been overwhelming and i am struggling to adapt to the new environment and expectations
61,academic pressure, rohit, the pressure to excel academically is affecting my mental health and i feel anxious about meeting expectations from family and teachers
62,financial planning, nisha, i struggle with budgeting and financial planning and it causes me stress about my future i want to learn how to manage my finances better
63,feeling unfulfilled, vishal, i feel unfulfilled in my current job and it affects my motivation i want to explore ways to find more meaning in my work
64,maintaining friendships, akash, maintaining friendships is becoming challenging due to busy schedules and i feel like i am losing connections with people i care about
65,exercise motivation, mala, i want to start exercising regularly but find it hard to stay motivated i need a plan to help me stick to a fitness routine
66,environmental impact, kabir, i am concerned about my environmental impact and want to make more sustainable choices in my daily life but i am unsure how to start
67,confidence issues, neel, i often lack confidence in my abilities and it prevents me from taking risks i want to work on building my self-confidence
68,workplace dynamics, tamanna, navigating workplace dynamics can be tricky and i often feel like an outsider i want to improve my relationships with colleagues
69,understanding mental health, pratik, i want to learn more about mental health and how to support myself and others in my life but i feel lost in where to start
70,personal boundaries, shanaya, i struggle to set personal boundaries with others and it leads to feeling overwhelmed and taken advantage of
71,artistic expression, raghav, i want to explore my artistic side but feel insecure about my abilities and worry about what others will think
72,balancing commitments, sandeep, balancing my commitments at work and home is becoming increasingly difficult and it causes me stress and anxiety
73,community involvement, satya, i want to get involved in my community but do not know where to start or how to find opportunities to contribute
74,healthcare access, rina, accessing healthcare services in my area is difficult and it prevents me from getting the medical attention that i need
75,overthinking relationships, vikas, i tend to overthink my relationships and it causes unnecessary stress and conflicts i want to learn to trust my instincts more
76,work-related stress, akriti, my job is very demanding and it leads to high levels of stress i need coping strategies to manage work-related stress better
77,learning difficulties, nikhil, i find it hard to focus during lectures and it affects my learning i want to find methods to improve my concentration
78,feeling inadequate, neha, i often feel inadequate compared to my peers and it affects my self-esteem i want to learn to appreciate my own strengths
79,conflict with coworkers, suraj, i have ongoing conflicts with a coworker and it affects my work environment i want to find a way to resolve these conflicts
80,exploring spirituality, anjali, i want to explore my spirituality but feel lost and do not know where to begin i need guidance on this journey
81,travel anxiety, karan, i love to travel but often feel anxious about planning and logistics it prevents me from fully enjoying the experience
82,dating difficulties, komal, i struggle with dating and it often leads to feelings of loneliness and frustration i want to find ways to navigate the dating scene better
83,creative block, meera, i am experiencing a creative block and it prevents me from pursuing my passions i want to find ways to spark my creativity again
84,post-graduate uncertainty, virat, i am unsure about my future after graduation and it causes me anxiety about what steps to take next
85,feeling stuck in routines, alok, i feel stuck in my daily routine and want to find ways to break out of it and add excitement to my life
86,mental wellness, dimple, i want to focus on my mental wellness but struggle to find resources and support that resonate with me
87,public transport issues, nandan, public transport in my area is unreliable and it makes commuting to work difficult i want to explore alternatives for getting around
88,feeling judged, gauri, i often feel judged by others and it affects my self-esteem i want to learn how to be more self-assured and less concerned about others' opinions
89,childhood trauma, vishwa, i am dealing with childhood trauma that affects my relationships today i want to find ways to heal and move forward
90,feeling disconnected, manisha, i feel disconnected from my friends and family lately and want to find ways to reconnect with them
91,fear of change, akshat, i have a fear of change that holds me back from pursuing new opportunities i want to learn how to embrace change more positively
92,issues with self-care, diya, i neglect self-care and it leads to burnout i want to learn how to prioritize my well-being better
93,relationship red flags, rishabh, i am in a relationship but notice some red flags that concern me i want to learn how to address these issues appropriately
94,job search frustration, ananya, searching for a new job is frustrating and exhausting i want to find effective strategies to improve my job search
95,identity exploration, manan, i am exploring my identity and it is a confusing journey i want to learn more about myself and my values
96,perfectionism, tanvi, i struggle with perfectionism and it prevents me from finishing projects and enjoying the process i want to find ways to overcome this mindset
97,setting goals, sanjay, i have trouble setting realistic goals and it affects my motivation i want to learn how to create achievable goals for myself
98,managing anger, pratibha, i often struggle with anger management and it affects my relationships i need help developing healthier coping mechanisms
99,financial stress, arya, financial stress is impacting my mental health and i want to find ways to manage my expenses better and reduce anxiety
100,social media influence, tanya, i find myself comparing my life to others on social media and it affects my self-esteem i want to learn to have a healthier relationship with social media
101,relationship compatibility, naveen, i am questioning the compatibility of my partner and it creates anxiety about our future together i want to have an open conversation about it
102,preparing for exams, arun, preparing for upcoming exams is causing me stress and i feel unprepared i need a study plan to help me feel more confident
103,friendship conflicts, neelam, conflicts with a close friend are affecting our relationship and i want to find a way to resolve our differences without hurting each other
104,work from home challenges, karthik, working from home has its challenges and i struggle with distractions that impact my productivity
105,finding hobbies, pavitra, i want to find new hobbies to explore but struggle to know what interests me i need ideas to help me discover my passions
106,time for self, alisha, i rarely take time for myself and it leads to feelings of burnout i want to prioritize self-care and relaxation more in my life
107,confusion about career, omkar, i am confused about my career path and it causes anxiety about making the right choices for my future
108,balancing studies and life, sheetal, balancing my studies with personal life is overwhelming and i often feel like i am failing at both
109,relaxation techniques, raghav, i want to learn relaxation techniques to manage stress better but do not know where to start
110,work friendships, shweta, forming friendships at work is difficult for me and it makes the work environment feel isolating i want to connect better with my colleagues
111,loosing things,atharv,i keep loosing everything so i need a solution for this
112,second,atharv,big problem i have
114,another post,kartika,this supposed to be the third post but it may occur as some other post this is to test how the numbering is situated in the code
115,i cant make food efficiently,rohini, "i am 40 years old and i am trying to make food look good but its takes a lot of time for the food and my health is not supporting it if there is to come a food maker machine it i including many others would benefit from it"
116,walking is hard, utsav, i find it very dificult to walk long distances and i am unable to afford a car or a bike and my location does not support for any vehicle i usually travel 4-5 kilometers but doing this daily is very hard.
117,Power Outage Issues in Urban Areas,John Doe,"Power outages are a significant concern in urban areas, often resulting in severe disruptions to daily life and economic activity. These outages can be caused by various factors, including extreme weather conditions, aging infrastructure, and increased demand for electricity. For instance, during a heatwave, the demand for air conditioning can skyrocket, placing immense strain on the power grid. When the grid cannot meet this demand, outages may occur. Additionally, natural disasters like storms can damage power lines and transformers, leading to widespread outages. The impact of power outages extends beyond mere inconvenience; businesses may lose revenue, and critical services such as hospitals can be compromised. Moreover, prolonged outages can cause food spoilage and affect water supply systems. As cities continue to grow, addressing power reliability becomes increasingly important. Solutions include investing in renewable energy sources, updating infrastructure, and improving grid resilience through technology. By prioritizing these efforts, urban areas can minimize the risk and impact of power outages, ensuring a more reliable electricity supply for their residents."
118,Traffic Congestion in Major Cities,Jane Smith,"Traffic congestion is a common issue in major cities worldwide, often leading to frustration for commuters and significant economic costs. The primary causes of congestion include an increasing number of vehicles on the road, inadequate infrastructure, and poor urban planning. As populations grow, more people rely on cars for transportation, resulting in overcrowded roads and longer travel times. Additionally, many cities were designed decades ago, and their road systems have not kept pace with current demands. The economic implications of traffic congestion are staggering. Studies estimate that congestion costs billions of dollars annually in lost productivity and wasted fuel. Moreover, it contributes to increased air pollution, negatively impacting public health. Solutions to traffic congestion require a multi-faceted approach, including improving public transportation systems, promoting carpooling and alternative modes of transport, and implementing smart traffic management technologies. Urban planners must also prioritize mixed-use developments that encourage walking and cycling. By addressing traffic congestion proactively, cities can enhance the quality of life for their residents and promote sustainable growth."
119,Plastic Waste and Its Environmental Impact,Emily Johnson,"Plastic waste has become a critical environmental issue, posing severe threats to ecosystems and human health. With millions of tons of plastic produced each year, a significant portion ends up in landfills, oceans, and other natural habitats. The persistence of plastic in the environment is alarming; some plastics can take hundreds of years to decompose, leading to the accumulation of waste. This pollution has dire consequences for marine life, as animals often ingest plastic or become entangled in it, leading to injury or death. Furthermore, microplastics have infiltrated food chains, raising concerns about the health effects on humans who consume contaminated seafood. The impact of plastic waste extends beyond wildlife; it also affects communities that rely on clean environments for tourism and recreation. Solutions to the plastic waste crisis include reducing single-use plastics, improving recycling systems, and promoting alternatives such as biodegradable materials. Public awareness campaigns are crucial in changing consumer behavior and encouraging sustainable practices. By addressing plastic waste effectively, we can protect the environment and safeguard the health of future generations."
120,Affordable Housing Shortages,Michael Brown,"The shortage of affordable housing is a pressing issue in many cities, significantly impacting low- and middle-income families. As housing costs continue to rise, many individuals struggle to find suitable accommodation within their budget. This crisis is exacerbated by stagnant wages, gentrification, and the growing demand for housing in urban areas. In many cities, the rental market has become increasingly competitive, leading to bidding wars and skyrocketing prices. Consequently, families may be forced to live in substandard conditions or commute long distances from their jobs to find affordable housing. The implications of housing shortages are profound, contributing to increased homelessness and social inequality. Addressing the affordable housing crisis requires comprehensive strategies, including increasing the supply of low-income housing, implementing rent control measures, and providing financial assistance to struggling families. Policymakers must also consider zoning reforms to encourage the development of affordable housing in various neighborhoods. By prioritizing affordable housing, we can create more equitable communities and improve the overall quality of life for all residents."
121,Cybersecurity Threats to Small Businesses,Jessica Lee,"Cybersecurity threats are an ever-growing concern for small businesses, which often lack the resources and expertise to protect themselves adequately. With the rise of digital technology, small businesses have become prime targets for cybercriminals seeking to exploit vulnerabilities in their systems. Common threats include phishing attacks, ransomware, and data breaches, which can lead to significant financial losses and damage to a company's reputation. Small businesses may mistakenly believe they are too insignificant to be targeted, but statistics show that they are increasingly at risk. The financial implications of a cybersecurity breach can be devastating, with costs related to recovery, legal fees, and lost revenue. Furthermore, a breach can undermine customer trust, leading to long-term consequences for business growth. To mitigate these risks, small businesses must prioritize cybersecurity by implementing robust security measures, conducting regular employee training, and developing incident response plans. By investing in cybersecurity, small businesses can protect their assets and ensure their longevity in an increasingly digital world."
122,Mental Health Challenges in Adolescents,David Wilson,"Mental health challenges among adolescents have become a critical public health concern in recent years. Factors contributing to this crisis include academic pressures, social media influence, and family dynamics. As adolescents navigate the complexities of growing up, they often experience stress, anxiety, and depression, which can significantly affect their daily lives and overall well-being. The rise of social media has exacerbated these issues, as young people are constantly exposed to unrealistic standards and comparisons, leading to feelings of inadequacy. Furthermore, the stigma surrounding mental health can prevent adolescents from seeking help, resulting in untreated conditions that can persist into adulthood. Schools play a crucial role in addressing mental health by implementing programs that promote awareness and provide support services. Additionally, parents and caregivers must foster open communication and create safe spaces for adolescents to express their feelings. By prioritizing mental health support for young people, we can help them develop resilience and cope with the challenges they face, ultimately improving their quality of life."
123,The Rise of Fast Fashion and Its Consequences,Sarah Davis,"Fast fashion has emerged as a dominant force in the clothing industry, characterized by the rapid production of inexpensive garments designed to meet the latest trends. While this business model has made fashion more accessible, it has significant environmental and social consequences. The fast fashion industry is notorious for its massive waste output, with millions of tons of clothing discarded each year. Much of this waste ends up in landfills, contributing to pollution and resource depletion. Additionally, the production processes often involve hazardous chemicals and exploitative labor practices, particularly in developing countries where workers are subjected to low wages and poor working conditions. The allure of cheap, trendy clothing has led consumers to prioritize quantity over quality, further perpetuating the cycle of waste and environmental degradation. To combat the negative impacts of fast fashion, consumers can embrace sustainable fashion practices, such as buying secondhand clothes, supporting ethical brands, and advocating for greater transparency in the industry. By making informed choices, individuals can help shift the narrative of fast fashion towards sustainability and responsibility."
124,Food Insecurity in Developed Nations,Anna White,"Food insecurity is often associated with developing nations; however, it is a pressing issue in many developed countries as well. In affluent societies, millions of individuals and families face challenges in accessing nutritious and sufficient food. Factors contributing to food insecurity include rising living costs, unemployment, and inadequate social safety nets. Many working families struggle to make ends meet, often prioritizing low-cost, processed foods over healthier options due to financial constraints. This situation not only affects physical health but also has profound implications for mental well-being and overall quality of life. Children from food-insecure households are particularly vulnerable, as poor nutrition can lead to developmental issues and long-term health consequences. Addressing food insecurity in developed nations requires a multi-faceted approach, including increasing access to affordable healthy foods, enhancing food assistance programs, and promoting community initiatives that connect surplus food to those in need. By prioritizing food security, we can foster healthier communities and ensure that all individuals have access to the nourishment they require to thrive."
125,The Impact of Urban Sprawl on Communities,Mark Brown,"Urban sprawl refers to the uncontrolled expansion of urban areas into the surrounding rural land, leading to significant changes in communities and their environments. This phenomenon is often driven by population growth, economic development, and a desire for larger homes and open spaces. While urban sprawl can provide housing options, it often results in numerous negative consequences. One major impact is increased traffic congestion, as residents rely on personal vehicles for transportation due to the lack of public transit options in sprawling areas. This can lead to longer commutes, higher fuel consumption, and increased greenhouse gas emissions. Furthermore, urban sprawl can strain public services such as schools, healthcare, and emergency services, as these amenities must expand to meet the needs of a growing population. The loss of agricultural land and natural habitats is another concerning consequence, as development encroaches on ecosystems, threatening biodiversity. To combat the negative effects of urban sprawl, urban planners must prioritize sustainable development practices, promote mixed-use communities, and invest in public transportation infrastructure. By adopting smart growth strategies, we can create more livable and environmentally friendly communities."
126,Water Scarcity and Its Global Implications,Laura Garcia,"Water scarcity is an increasingly pressing global issue, affecting millions of people and posing significant challenges to food security, health, and economic development. Factors contributing to water scarcity include climate change, over-extraction of water resources, and population growth. In many regions, particularly in arid and semi-arid areas, the demand for freshwater exceeds the available supply, leading to conflicts over water rights and access. Agriculture, which accounts for approximately 70% of global freshwater use, is particularly vulnerable to water scarcity, threatening food production and livelihoods. Furthermore, water scarcity can exacerbate public health issues, as limited access to clean water increases the risk of waterborne diseases. Countries facing water scarcity must prioritize sustainable water management practices, including investing in water-saving technologies, promoting efficient irrigation methods, and enhancing water conservation efforts. Additionally, international cooperation is essential to address transboundary water issues and develop equitable solutions that ensure access to water for all. By taking proactive measures, we can mitigate the effects of water scarcity and promote a more sustainable future."
127,The Effects of Climate Change on Biodiversity,Emily Johnson,"Climate change is one of the most significant threats to biodiversity worldwide, impacting ecosystems and species in profound ways. Rising temperatures, altered precipitation patterns, and increasing frequency of extreme weather events have far-reaching consequences for both terrestrial and marine environments. Many species struggle to adapt to these rapid changes, leading to shifts in their geographic ranges and, in some cases, extinction. For instance, polar bears are losing their habitat due to melting sea ice, while coral reefs face bleaching as ocean temperatures rise. The loss of biodiversity not only affects the stability of ecosystems but also compromises essential services that humans rely on, such as clean air, water, and food production. To combat the effects of climate change on biodiversity, global efforts must focus on reducing greenhouse gas emissions, protecting natural habitats, and restoring ecosystems. Conservation strategies should also involve local communities, as they play a crucial role in sustainable management practices. By prioritizing biodiversity conservation, we can ensure the resilience of ecosystems and safeguard the planet for future generations."
128,The Digital Divide and Its Societal Impact,Jessica Taylor,"The digital divide refers to the gap between individuals and communities who have access to modern information and communication technologies and those who do not. This divide is often influenced by factors such as socioeconomic status, geography, and education level. In today’s increasingly digital world, lack of access to technology can significantly hinder opportunities for education, employment, and social engagement. For instance, students without reliable internet access may struggle to complete assignments or participate in remote learning, exacerbating educational inequalities. Furthermore, adults seeking job opportunities may find it challenging to compete in a market that increasingly requires digital skills. The societal implications of the digital divide are far-reaching, contributing to broader issues of inequality and social exclusion. Addressing this divide requires concerted efforts from governments, educational institutions, and private organizations to improve infrastructure, provide affordable internet access, and enhance digital literacy programs. By bridging the digital divide, we can empower individuals and foster inclusive economic growth, ensuring that everyone has the tools to succeed in the digital age."
129,The Challenges of Aging Infrastructure,Michael Williams,"Aging infrastructure presents significant challenges for many countries, particularly in urban areas where the demand for reliable services continues to grow. Much of the infrastructure in developed nations, including roads, bridges, water supply systems, and public transportation, is nearing the end of its useful life, leading to increased maintenance costs and safety concerns. For example, deteriorating bridges can pose serious risks to public safety, while outdated water systems may lead to contamination and water loss. Furthermore, aging infrastructure can hinder economic growth, as inefficient transport networks and unreliable utilities can deter investment and disrupt daily activities. The financial burden of maintaining and upgrading infrastructure is substantial, often requiring significant public investment and careful planning. Policymakers must prioritize infrastructure renewal by allocating funds, promoting innovative financing solutions, and engaging in long-term planning to ensure sustainable development. By addressing the challenges posed by aging infrastructure, communities can improve public safety, enhance economic competitiveness, and provide better quality of life for their residents."
130,Cyberbullying and Its Impact on Youth,Amy Green,"Cyberbullying has emerged as a significant issue in the digital age, particularly affecting adolescents and young adults. With the widespread use of social media and online communication, the opportunities for bullying have expanded, often leading to severe emotional and psychological consequences for victims. Unlike traditional bullying, cyberbullying can occur 24/7, leaving individuals feeling trapped and unable to escape their tormentors. Victims may experience anxiety, depression, and even suicidal thoughts as a result of prolonged harassment. Furthermore, the anonymity provided by the internet can embolden bullies, making it easier for them to engage in harmful behavior without facing immediate repercussions. Schools and communities must take proactive measures to address cyberbullying by promoting digital citizenship, fostering open communication, and implementing anti-bullying policies. Educational programs that raise awareness about the effects of cyberbullying and teach empathy can also help create a supportive environment for victims. By working together, we can combat cyberbullying and protect the well-being of our youth in the digital landscape."
131,The Importance of Mental Health Awareness,Thomas Smith,"Mental health awareness is crucial in fostering understanding and support for individuals facing mental health challenges. Despite growing recognition of mental health issues, stigma and misconceptions persist, often preventing individuals from seeking help. Mental health conditions can affect anyone, regardless of age, gender, or background, and can significantly impact daily life, relationships, and overall well-being. Raising awareness about mental health can help dispel myths, educate the public, and encourage open conversations about mental health issues. Community programs and initiatives that promote mental health awareness can provide valuable resources, support, and information for individuals and families affected by mental health challenges. Schools and workplaces also play a vital role in promoting mental health awareness by integrating mental health education into curricula and providing resources for employees. By prioritizing mental health awareness, we can create a more compassionate society that values mental well-being and ensures that individuals receive the support they need."
132,The Rise of Misinformation in the Digital Age,Karen Robinson,"Misinformation has become a significant challenge in today’s digital landscape, with the rapid spread of false or misleading information posing serious consequences for society. The rise of social media platforms and instant communication has facilitated the dissemination of misinformation, often leading to confusion, fear, and division among the public. Issues such as public health, political discourse, and social issues have all been impacted by the spread of false information. For example, misinformation about vaccines can undermine public health efforts, leading to decreased vaccination rates and increased disease outbreaks. Combating misinformation requires a multi-faceted approach, including promoting media literacy, encouraging critical thinking skills, and holding platforms accountable for the content they host. Educational initiatives can empower individuals to identify and question sources of information, while social media companies must develop robust policies to address the spread of false information on their platforms. By working collaboratively, we can mitigate the impact of misinformation and foster an informed and engaged society."
133,Income Inequality and Its Societal Effects,Linda Carter,"Income inequality has emerged as a significant issue in many societies, with profound implications for social cohesion, economic stability, and individual well-being. The gap between the rich and poor has widened in recent decades, driven by factors such as globalization, technological advancements, and changes in labor markets. Income inequality can lead to a range of negative societal effects, including increased crime rates, poorer health outcomes, and reduced social mobility. Individuals from low-income backgrounds often face barriers to education and employment opportunities, perpetuating cycles of poverty and limiting their potential. Furthermore, income inequality can undermine social trust and cohesion, as disparities in wealth contribute to feelings of alienation and resentment among marginalized communities. Addressing income inequality requires comprehensive policies aimed at promoting economic opportunities, such as increasing access to quality education, implementing fair labor practices, and providing social safety nets. By fostering a more equitable society, we can enhance social stability and create opportunities for all individuals to thrive."
134,The Impact of Air Pollution on Public Health,James Wilson,"Air pollution has become a critical public health issue, affecting millions of people around the world. Exposure to polluted air can lead to a variety of health problems, including respiratory diseases, cardiovascular conditions, and even premature death. Major sources of air pollution include vehicle emissions, industrial discharges, and burning fossil fuels. Vulnerable populations, such as children, the elderly, and those with pre-existing health conditions, are particularly at risk from the harmful effects of air pollution. Additionally, air pollution can exacerbate social inequalities, as marginalized communities often bear the brunt of exposure due to their proximity to pollution sources. Addressing air pollution requires coordinated efforts at local, national, and global levels. Strategies include implementing stricter emissions standards, promoting cleaner technologies, and encouraging the use of public transportation and alternative energy sources. Public awareness campaigns can also play a vital role in informing individuals about the dangers of air pollution and the importance of advocacy for cleaner air. By prioritizing air quality, we can protect public health and create healthier environments for everyone."
135,The Consequences of Substance Abuse,Arjun Mehta,"Substance abuse poses significant challenges to individuals, families, and society as a whole. The misuse of drugs and alcohol can lead to devastating health consequences, including addiction, chronic diseases, and mental health disorders. Individuals struggling with substance abuse often experience a decline in their physical and emotional well-being, impacting their relationships, employment, and overall quality of life. Moreover, substance abuse contributes to broader societal issues, such as increased crime rates, homelessness, and economic costs related to healthcare and law enforcement. Addressing substance abuse requires a comprehensive approach that includes prevention, education, and access to treatment. Community programs that raise awareness about the dangers of substance abuse and provide support for individuals in recovery are essential. Additionally, enhancing access to mental health services and rehabilitation programs can help individuals overcome addiction and reintegrate into society. By fostering a supportive environment and addressing the root causes of substance abuse, we can promote healthier communities and improve the lives of those affected."
136,The Digital Transformation of Education,Anjali Sharma,"The digital transformation of education has significantly reshaped how students learn and educators teach. With the advent of technology, traditional classrooms are evolving into dynamic, interactive learning environments that offer diverse resources and opportunities for collaboration. Online learning platforms and digital tools have made education more accessible, enabling students from various backgrounds to pursue knowledge beyond geographical constraints. However, this shift also presents challenges, particularly in ensuring equitable access to technology and the internet. Students in underserved communities may struggle to engage fully with digital learning, exacerbating existing educational inequalities. Furthermore, the reliance on technology can lead to distractions and hinder critical thinking skills if not managed properly. Educators must adapt their teaching strategies to effectively integrate technology while fostering an inclusive and supportive learning atmosphere. Training programs for teachers on using digital tools and resources are essential for maximizing the benefits of digital education. By embracing digital transformation, we can enhance educational outcomes and prepare students for success in an increasingly digital world."
137,The Struggle for Women’s Rights in India,Pooja Verma,"The struggle for women’s rights in India has been a long and arduous journey, marked by both progress and challenges. Historically, women in India have faced numerous social, economic, and political barriers that have hindered their rights and opportunities. Issues such as gender-based violence, unequal access to education, and discrimination in the workplace remain prevalent. Despite significant advancements, including legal reforms and increased representation in various sectors, many women still encounter systemic obstacles that limit their potential. Cultural norms and traditional gender roles often dictate the opportunities available to women, perpetuating cycles of inequality. Women’s rights activists and organizations continue to advocate for change, focusing on raising awareness, providing support services, and pushing for stronger legal protections. Empowering women through education and economic opportunities is crucial for fostering gender equality and promoting social change. By addressing the challenges faced by women and advocating for their rights, we can create a more equitable society that values the contributions of all individuals."
138,The Threat of Water Pollution in India,Arvind Joshi,"Water pollution has become a critical issue in India, threatening public health, the environment, and the economy. Rapid industrialization, urbanization, and inadequate waste management practices have led to the contamination of water bodies across the country. Rivers, lakes, and groundwater sources are often polluted by industrial effluents, agricultural runoff, and untreated sewage. This pollution has severe consequences for communities that rely on these water sources for drinking, irrigation, and fishing. Waterborne diseases, such as cholera and dysentery, pose significant health risks, particularly for vulnerable populations. The government has implemented various initiatives to address water pollution, including the National River Conservation Plan and the Clean Ganga Mission, aimed at restoring and protecting water quality. However, challenges persist due to insufficient infrastructure, lack of enforcement, and public awareness. Community involvement in water management and conservation is essential for sustainable solutions. By raising awareness and promoting responsible water use, we can combat water pollution and safeguard this vital resource for future generations."
139,The Influence of Bollywood on Indian Culture,Rohit Gupta,"Bollywood, the Hindi-language film industry based in Mumbai, plays a significant role in shaping contemporary Indian culture. With its vibrant storytelling, music, and dance, Bollywood films often reflect societal values, aspirations, and challenges. The industry has the power to influence public opinion and promote cultural narratives, making it an essential part of the national identity. However, Bollywood also faces criticism for perpetuating stereotypes and glamorizing certain lifestyles that may not resonate with reality. Issues such as gender representation, caste dynamics, and the portrayal of social issues are frequently debated. Despite these challenges, Bollywood continues to evolve, with filmmakers increasingly addressing relevant topics such as mental health, LGBTQ+ rights, and social justice. The rise of independent cinema and streaming platforms has also provided new avenues for diverse storytelling, challenging traditional norms and offering fresh perspectives. By embracing this diversity, Bollywood can contribute positively to cultural discourse and inspire social change within Indian society."
140,The Challenges of Urban Migration in India,Sita Rani,"Urban migration in India presents both opportunities and challenges as millions of people move from rural areas to cities in search of better livelihoods and quality of life. This trend has accelerated in recent decades, driven by factors such as population growth, economic development, and changing agricultural practices. While urban migration can lead to economic growth and increased labor supply, it also poses significant challenges for urban planning and infrastructure. Rapid population influx often results in overcrowded cities, inadequate housing, and strained public services such as transportation, healthcare, and education. Additionally, migrants may face discrimination and social exclusion in urban settings, limiting their access to resources and opportunities. To address these challenges, policymakers must focus on creating inclusive urban policies that prioritize affordable housing, improved infrastructure, and access to essential services. Investments in skill development and job creation can also empower migrants, helping them integrate into urban economies. By fostering sustainable urban development, India can harness the potential of migration while ensuring the well-being of all its citizens."
141,Child Labor in India: A Persistent Challenge,Nitin Kumar,"Child labor remains a pervasive issue in India, with millions of children engaged in various forms of labor instead of attending school. Despite significant progress in reducing child labor through legal frameworks and advocacy, the practice persists, particularly in informal sectors such as agriculture, manufacturing, and domestic work. Factors contributing to child labor include poverty, lack of access to education, and cultural norms that prioritize work over schooling. Children who are forced to work often face exploitation, abuse, and dangerous working conditions, hindering their physical and mental development. The economic impact of child labor is profound, as it perpetuates cycles of poverty and limits future opportunities for these children. To combat child labor, comprehensive strategies are needed that focus on improving access to education, raising awareness, and providing support to vulnerable families. Government initiatives, such as the Right to Education Act and various child welfare programs, play a crucial role in addressing this issue. By prioritizing education and social support, India can work towards eradicating child labor and ensuring a brighter future for its children."
142,The Effects of Globalization on Indian Culture,Neha Sharma,"Globalization has profoundly influenced Indian culture, bringing both positive and negative changes. The integration of global markets, ideas, and technologies has created new opportunities for economic growth and cultural exchange. Indian cuisine, fashion, and music have gained international recognition, while foreign influences have also permeated traditional practices. However, globalization poses challenges, as it can lead to the erosion of cultural identities and the commodification of traditional practices. The influx of Western media and consumer culture has altered lifestyles, particularly among the younger generation, leading to concerns about cultural dilution. Striking a balance between embracing globalization and preserving cultural heritage is essential for India's future. Promoting local art, crafts, and traditions alongside modern influences can foster cultural pride and sustainability. Additionally, encouraging dialogue about cultural values and identity within communities can help navigate the complexities of globalization. By embracing cultural diversity and promoting inclusivity, India can harness the benefits of globalization while safeguarding its rich cultural heritage."

144,The Importance of Environmental Conservation in India,Meera Patel,"Environmental conservation is crucial for ensuring the sustainability of India’s diverse ecosystems and natural resources. Rapid urbanization, industrialization, and population growth have placed immense pressure on the environment, leading to deforestation, pollution, and loss of biodiversity. The consequences of environmental degradation are severe, affecting agriculture, water supply, and public health. Moreover, vulnerable communities, particularly those dependent on natural resources for their livelihoods, are disproportionately impacted. Promoting environmental conservation involves raising awareness about the importance of protecting natural habitats, promoting sustainable practices, and enforcing environmental regulations. Community engagement is essential in conservation efforts, as local knowledge and involvement can lead to more effective outcomes. Additionally, integrating environmental education into school curricula can instill a sense of responsibility and stewardship among future generations. By prioritizing environmental conservation, India can work towards a sustainable future, ensuring that natural resources are preserved for generations to come."
145,The Rise of Renewable Energy in India,Arvind Nair,"The rise of renewable energy in India represents a significant shift towards sustainable development and energy security. As the country faces challenges related to energy demand, pollution, and climate change, the transition to renewable sources such as solar, wind, and hydroelectric power has gained momentum. India has set ambitious targets for expanding its renewable energy capacity, aiming to generate 500 GW by 2030. Solar energy, in particular, has seen remarkable growth, with vast solar parks being established across the country. The government has implemented various policies and incentives to promote renewable energy investments, which not only help reduce greenhouse gas emissions but also create jobs and boost economic growth. However, challenges such as financing, technology access, and grid infrastructure must be addressed to fully realize the potential of renewable energy. Public awareness and community involvement are also critical for successful implementation. By embracing renewable energy, India can work towards a sustainable energy future and reduce its reliance on fossil fuels."
146,The Crisis of Air Quality in Indian Cities,Ritika Bansal,"Air quality has become a pressing issue in many Indian cities, with pollution levels often exceeding safe limits and posing serious health risks to residents. Factors contributing to poor air quality include vehicular emissions, industrial discharges, construction activities, and the burning of crop residues. The consequences of air pollution are dire, leading to respiratory diseases, cardiovascular issues, and increased mortality rates. Vulnerable populations, including children and the elderly, are particularly at risk. Initiatives such as the National Clean Air Programme aim to tackle air pollution through stricter regulations, monitoring, and public awareness campaigns. However, effective implementation remains a challenge due to insufficient infrastructure and public cooperation. Transitioning to cleaner transportation, promoting green spaces, and encouraging sustainable practices can significantly improve air quality. By addressing the sources of pollution and fostering community involvement, India can work towards cleaner air and healthier urban environments."
147,The Impact of Climate Change on Agriculture in India,Aakash Choudhury,"Climate change poses a significant threat to agriculture in India, which is the backbone of the country's economy and a primary source of livelihood for millions. Rising temperatures, erratic rainfall patterns, and increasing frequency of extreme weather events have a profound impact on crop yields and food security. Farmers are experiencing reduced productivity and increased vulnerability to pests and diseases due to changing climatic conditions. Smallholder farmers, who often lack resources and access to technology, are particularly affected, leading to economic hardships and food scarcity. To mitigate the impact of climate change on agriculture, it is essential to adopt climate-resilient farming practices, improve irrigation systems, and promote sustainable land management. Research and development of drought-resistant crops can also play a crucial role in adapting to changing climates. Furthermore, providing farmers with access to information and resources can empower them to make informed decisions and enhance their resilience. By prioritizing sustainable agricultural practices, India can safeguard its food security and support the livelihoods of its farmers."
148,Gender Discrimination in the Workplace,Neelam Yadav,"Gender discrimination in the workplace remains a significant issue in India, hindering women's professional growth and economic empowerment. Despite legal protections and advancements in gender equality, women often face barriers such as unequal pay, lack of promotion opportunities, and workplace harassment. These challenges are compounded by societal norms and stereotypes that perpetuate discrimination. Women in leadership positions are still underrepresented, limiting diverse perspectives and innovation in organizations. To combat gender discrimination, companies must implement policies that promote equality, such as transparent pay structures, mentorship programs, and comprehensive harassment policies. Creating an inclusive workplace culture that values diversity and provides equal opportunities for all employees is essential. Public awareness campaigns can also play a vital role in challenging stereotypes and advocating for women's rights. By fostering gender equality in the workplace, India can unlock the full potential of its workforce and drive economic growth."
149,The Importance of Literacy Programs in India,Sarita Mehta,"Literacy is a fundamental right and a key factor in personal and societal development. In India, despite progress in literacy rates, millions of adults and children remain illiterate, particularly in rural areas and among marginalized communities. Low literacy levels limit access to information, education, and employment opportunities, perpetuating cycles of poverty and inequality. Literacy programs play a crucial role in addressing this issue by providing individuals with the skills they need to improve their lives. These programs must be tailored to meet the needs of diverse populations, including adult learners, women, and children. Innovative approaches, such as community-based education and the use of technology, can enhance the effectiveness of literacy initiatives. Furthermore, integrating literacy with vocational training can empower individuals to gain skills that lead to sustainable livelihoods. By prioritizing literacy programs, India can foster a more informed and empowered population, ultimately contributing to national development."
150,The Effects of Plastic Pollution in India,Chaitanya Joshi,"Plastic pollution has emerged as a significant environmental challenge in India, affecting ecosystems, wildlife, and human health. The widespread use of single-use plastics has led to the accumulation of waste in landfills, rivers, and oceans, resulting in devastating impacts on marine life and terrestrial ecosystems. Improper disposal and lack of recycling facilities exacerbate the issue, as plastic waste clogs waterways and pollutes the environment. Communities living near polluted areas often suffer from health problems related to contaminated water and air. To combat plastic pollution, it is essential to promote sustainable alternatives and encourage responsible consumption practices. Government initiatives such as bans on single-use plastics and awareness campaigns can help reduce plastic waste. Furthermore, involving communities in clean-up drives and recycling programs can foster a sense of responsibility and promote environmental stewardship. By addressing plastic pollution, India can protect its natural resources and ensure a healthier environment for future generations."
151,I Am Unable to Manage My Time Effectively,Sunita Reddy,"As a working mother juggling a demanding job and family responsibilities, I often find myself struggling to manage my time effectively. Despite my best efforts to prioritize tasks, I frequently feel overwhelmed by the sheer volume of work and personal commitments. My days are filled with meetings, deadlines, and household chores, leaving little room for self-care or leisure. This constant rush not only affects my productivity but also takes a toll on my mental health. I often sacrifice my own needs to meet the demands of work and family, leading to burnout and exhaustion. I have tried various time management techniques, but nothing seems to work for me. I realize that I need to find a balance that allows me to fulfill my responsibilities while also making time for myself. Seeking support from my employer and finding ways to delegate tasks at home may help alleviate some of this pressure."
152,I Am Struggling with Anxiety Before Public Speaking,Aditi Jain,"Public speaking has always been a source of anxiety for me. Even the thought of presenting in front of an audience makes my heart race and palms sweat. I often find myself rehearsing endlessly, yet when the moment arrives, I struggle to articulate my thoughts clearly. This anxiety has held me back from taking opportunities for career advancement that require presenting ideas or leading discussions. I’ve tried various techniques to overcome my fear, such as visualization and breathing exercises, but I still feel paralyzed by fear. I know that effective communication is essential for my career, and I need to confront this fear head-on. Seeking out smaller speaking engagements and joining public speaking clubs could provide a supportive environment to practice and build my confidence. I hope that with perseverance and support, I can learn to manage my anxiety and improve my public speaking skills."
153,I Feel Isolated and Lonely in My New City,Rahul Singh,"After relocating to a new city for work, I have been struggling with feelings of isolation and loneliness. Moving away from friends and family has left a void in my life, and I find it challenging to make new connections. Despite my efforts to engage in social activities, I often feel like an outsider. The fast-paced city life adds to my feelings of disconnection, as people seem busy and preoccupied. I miss the sense of community I had back home, and it's disheartening to spend weekends alone. I want to build friendships and establish a support system in my new environment, but I don’t know where to start. Joining local clubs or community groups may be a step in the right direction, but the fear of rejection often holds me back. I realize that overcoming loneliness requires effort, and I am determined to find ways to connect with others and create a sense of belonging."
154,I Am Unable to Save Money Due to Unforeseen Expenses,Anita Varma,"Despite my best efforts to budget and save, I find myself unable to set aside money each month due to unforeseen expenses. Whether it's a medical bill, car repair, or a sudden home maintenance issue, unexpected costs seem to arise at the worst possible times. This financial instability creates a constant sense of stress and worry about my future. I often find myself dipping into my savings or relying on credit cards, which only adds to my anxiety. I know that building an emergency fund is crucial for financial security, yet it feels out of reach. I need to develop a more flexible budget that allows for these unforeseen expenses while still prioritizing savings. Additionally, exploring ways to increase my income through side jobs or freelance work could provide some relief. I am determined to take control of my finances and build a more secure future."
155,I Am Facing Challenges in My Long-Distance Relationship,Siddharth Rao,"Maintaining a long-distance relationship has been incredibly challenging for me. While I care deeply for my partner, the physical distance creates a strain on our connection. We often find it difficult to communicate effectively, and misunderstandings arise more frequently when we can’t see each other face to face. I miss the intimacy and comfort of being together, which makes it hard to stay emotionally connected. Our visits are infrequent, and the anticipation often leads to disappointment when they come to an end. I worry about our future and whether we can sustain this relationship in the long term. I want to find ways to bridge the gap, whether through more frequent video calls, planning future visits, or setting shared goals for our relationship. I believe that with open communication and effort from both sides, we can strengthen our bond despite the distance."
156,I Am Struggling to Find My Career Path,Ashish Gupta,"At this stage in my life, I feel lost regarding my career path. After graduating from college, I have tried various jobs, but none of them seem to align with my interests or passions. I often find myself feeling unfulfilled and questioning my choices. The pressure to settle into a stable career adds to my anxiety, as I see my peers advancing in their careers while I struggle to find my footing. I want to pursue a career that excites me and allows me to make a meaningful impact, but I don’t know where to start. Exploring different fields, seeking mentorship, and participating in workshops could help me identify my strengths and interests. I hope to find clarity and direction in my career journey and take steps towards a fulfilling professional life."
157,I Am Unable to Cope with My Grief After Losing a Loved One,Neeraj Choudhary,"The loss of my beloved grandmother has left a profound impact on my life, and I find it difficult to cope with the grief. Her passing came as a shock, and the emptiness I feel is overwhelming. I often replay memories of her in my mind, longing for the warmth of her presence and the comfort of her love. My daily routine feels disrupted, and I struggle to find joy in activities I once enjoyed. Friends and family have been supportive, but I feel as though no one truly understands the depth of my pain. I am learning that grieving is a personal journey that takes time, and it’s okay to seek help. Therapy could provide a safe space for me to express my feelings and navigate this challenging time. I hope to honor her memory by embracing the lessons she taught me and finding ways to heal."
158,I Feel Overwhelmed by Academic Pressure in College,Meghana Nair,"As a college student, I often feel overwhelmed by the academic pressure to excel in my studies. The expectations to achieve high grades and secure internships create a constant sense of anxiety. I find myself spending countless hours studying, sacrificing my social life and mental well-being in the process. Despite my efforts, I worry that I am not doing enough and constantly compare myself to my peers, which adds to my stress. I want to succeed academically, but I also recognize the importance of maintaining a balanced life. I am considering reaching out to my professors for guidance and exploring resources like academic counseling services. Learning to manage my time better and prioritize self-care will be crucial in navigating this pressure. I hope to cultivate a healthier approach to my studies while still striving for academic excellence."
159,I Am Struggling with Body Image Issues and Low Self-Esteem,Tara Patel,"I have been struggling with body image issues for as long as I can remember, and it's taking a toll on my self-esteem. Despite my efforts to eat healthily and exercise, I often feel dissatisfied with my appearance. Negative comparisons to others on social media exacerbate my feelings of inadequacy. I find myself avoiding social situations and events because I fear judgment based on my looks. This cycle of negative self-talk and insecurity affects my relationships and overall happiness. I want to work on accepting myself as I am and focus on my strengths rather than my perceived flaws. Engaging in positive affirmations, seeking support from friends, and considering professional help could be beneficial in my journey towards self-acceptance. I aspire to cultivate a healthier body image and embrace my individuality."
160,I Am Having Difficulty Adjusting to Life After Moving Back Home,Divya Rao,"After spending several years living independently, moving back home has been a challenging adjustment for me. I feel a sense of loss regarding my independence and struggle to find my place in my family’s dynamic. The transition has been emotional, as I navigate the complexities of living with family again. I often feel frustrated by the lack of privacy and autonomy, which creates tension at home. I miss the freedom of making my own choices and managing my own space. It’s essential for me to establish boundaries and communicate openly with my family about my need for independence while still being present in their lives. Finding a balance between family obligations and personal time will be crucial for my well-being. I am determined to create a fulfilling routine that respects both my needs and my family's."

